147-dominique-baert;32182;1596076;;1808851;Monsieur BAERT Dominique;2019-10-25T00:00:00; ;147
316-guy-bailliart;32183;1596082;;1808852;Monsieur BAILLIART Guy;2019-10-25T00:00:00; ;316
117-patrick-balkany;32184;1596088;;1808856;Monsieur BALKANY Patrick;2019-10-25T00:00:00; ;117
394-alain-ballay;32201;1596308;;1808857;Monsieur BALLAY Alain;2019-10-25T00:00:00; ;394
184-gerard-bapt;32650;1599161;;1808859;Monsieur BAPT Gerard;2019-10-25T00:00:00; ;184
425-jean-pierre-barbier;32218;1596452;;1808862;Monsieur BARBIER Jean-Pierre;2019-10-25T00:00:00; ;425
616-frederic-barbier;32217;1596446;;1808860;Monsieur BARBIER Frederic;2019-10-25T00:00:00; ;616
402-serge-bardy;32219;1596458;;1808863;Monsieur BARDY Serge;2019-10-25T00:00:00; ;402
284-claude-bartolone;32220;1596464;;1808866;Monsieur BARTOLONE Claude;2019-10-25T00:00:00; ;284
53-christian-bataille;32185;1596094;;1808867;Monsieur BATAILLE Christian;2019-10-25T00:00:00; ;53
135-delphine-batho;32186;1596100;;1808868;Madame BATHO Delphine;2019-10-25T00:00:00; ;135
141-marie-noelle-battistel;32187;1596106;;1808871;Madame BATTISTEL Marie-Noelle;2019-10-25T00:00:00; ;141
557-laurent-baumel;32188;1596114;;1808875;Monsieur BAUMEL Laurent;2019-10-25T00:00:00; ;557
470-philippe-baumel;32189;1596120;;1808881;Monsieur BAUMEL Philippe;2019-10-25T00:00:00; ;470
498-denis-baupin;32190;1596126;;1808884;Monsieur BAUPIN Denis;2019-10-25T00:00:00; ;498
407-nicolas-bays;32191;1596135;;1808885;Monsieur BAYS nicolas;2019-10-25T00:00:00; ;407
418-catherine-beaubatie;32642;1599117;;1808889;Madame BEAUBATIE Catherine;2019-10-25T00:00:00; ;418
391-marie-francoise-bechtel;32192;1596141;;1808915;Madame BECHTEL Marie-Francoise;2019-10-25T00:00:00; ;391
600-jean-marie-beffara;32193;1596147;;1808916;Monsieur BEFFARA Jean-Marie;2019-10-25T00:00:00; ;600
212-huguette-bello;32194;1596153;;1808919;Madame BELLO Huguette;2019-10-25T00:00:00; ;212
573-luc-belot;32643;1599123;;1808920;Monsieur BELOT Luc;2019-10-25T00:00:00; ;573
551-jacques-alain-benisti;32644;1599129;;1808921;Monsieur BENISTI Jacques Alain;2019-10-25T00:00:00; ;551
409-karine-berger;32195;1596158;1087439175;1808928;Madame BERGER Karine;2019-10-30T00:00:00;NotifOK ;409
621-sylvain-berrios;32196;1596164;1087439237;1808929;Monsieur BERRIOS Sylvain;2019-10-30T00:00:00;NotifOK ;621
128-chantal-berthelot;32197;1596170;1087439425;1808931;Madame BERTHELOT Chantal;2019-10-30T00:00:00;NotifOK ;128
175-veronique-besse;32198;1596177;1087439537;1808933;Madame BESSE Veronique;2019-10-30T00:00:00;NotifOK ;175
180-gisele-biemouret;32199;1596183;1087439574;1808934;Madame BIEMOURET Gisele;2019-10-30T00:00:00;NotifOK ;180
455-philippe-bies;32200;1596252;1087439833;1808937;Monsieur BIES Philippe;2019-10-30T00:00:00;NotifOK ;455
456-erwann-binet;32169;1596006;1087439952;1808938;Monsieur BINET Erwann;2019-10-30T00:00:00;NotifOK ;456
472-jean-pierre-blazy;32155;1595909;1087440010;1808940;Monsieur BLAZY Jean-Pierre;2019-10-30T00:00:00;NotifOK ;472
355-yves-blein;32156;1595915;1087440072;1808942;Monsieur BLEIN Yves;2019-10-30T00:00:00;NotifOK ;355
332-patrick-bloche;
101-alain-bocquet;32202;1596313;1087440125;1808945;Monsieur BOCQUET Alain;2019-10-30T00:00:00;NotifOK ;101
337-daniel-boisserie;32203;1596320;1087440231;1808948;Monsieur BOISSERIE Daniel;2019-10-30T00:00:00;NotifOK ;337
482-jacques-bompard;32204;1596326;1087440277;1808949;Monsieur BOMPARD Jacques;2019-10-30T00:00:00;NotifOK ;482
564-michele-bonneton;32205;1596334;1087440355;1808951;Madame BONNETON Michele;2019-10-30T00:00:00;NotifOK ;564
71-marcel-bonnot;32206;1596340;1087440385;1808952;Monsieur BONNOT Marcel;2019-10-30T00:00:00;NotifOK ;71
565-christophe-borgel;32645;1599134;1087440430;1808955;Monsieur BORGEL Christophe;2019-10-30T00:00:00;NotifOK ;565
67-jean-claude-bouchet;32207;1596346;1087440462;1808957;Monsieur BOUCHET Jean-Claude;2019-10-30T00:00:00;NotifOK ;67
483-florent-boudie;32646;1599140;1087442532;1808958;Monsieur BOUDIE Florent;2019-10-30T00:00:00;NotifOK ;483
68-marie-odile-bouille;32208;1596391;1087442707;1808961;Madame BOUILLE Marie-Odile;2019-10-30T00:00:00;NotifOK ;68
340-christophe-bouillon;32209;1596397;1087442741;1808965;Monsieur BOUILLON Christophe;2019-10-30T00:00:00;NotifOK ;340
105-gilles-bourdouleix;32210;1596403;1087442777;1808966;Monsieur BOURDOULEIX Gilles;2019-10-30T00:00:00;NotifOK ;105
584-brigitte-bourguignon;32158;1595928;1087442789;1808967;Madame BOURGUIGNON Brigitte;2019-10-30T00:00:00;NotifOK ;584
376-malek-boutih;32159;1595166;1087442799;1808968;Monsieur BOUTIH Malek;2019-10-30T00:00:00;NotifOK ;376
461-kheira-bouziane-laroussi;32227;1596507;1087442809;1808970;Madame BOUZIANE-LAROUSSI Kheira;2019-10-30T00:00:00;NotifOK ;461
179-valerie-boyer;32228;1596513;1087442833;1808971;Madame BOYER Valerie;2019-10-30T00:00:00;NotifOK ;179
473-emeric-brehier;32229;1596519;1087442845;1808972;Monsieur BREHIER Emeric;2019-10-30T00:00:00;NotifOK ;473
231-marine-brenier;32349;1597283;1087442889;1808975;Madame BRENIER Marine;2019-10-30T00:00:00;NotifOK ;231
335-xavier-breton;32350;1597289;1087442895;1808976;Monsieur BRETON Xavier;2019-10-30T00:00:00;NotifOK ;335
158-philippe-briand;32351;1597295;1087442787;1808977;Monsieur BRIAND Philippe;2019-10-30T00:00:00;NotifOK ;158
518-jean-louis-bricout;32352;1597300;1087451888;1808984;Monsieur BRICOUT Jean-Louis;2019-10-30T00:00:00;NotifOK ;518
537-jean-jacques-bridey;32353;1597305;1087452431;1808985;Monsieur BRIDEY Jean-Jacques;2019-10-30T00:00:00;NotifOK ;537
341-bernard-brochand;32354;1597310;1087452786;1808987;Monsieur BROCHAND Bernard;2019-10-30T00:00:00;NotifOK ;341
432-isabelle-bruneau;32659;745993;1087452981;1808988;Madame BRUNEAU Isabelle;2019-10-30T00:00:00;NotifOK ;432
146-marie-george-buffet;32355;1597315;1087452907;1808990;Madame BUFFET Marie-Georges;2019-10-30T00:00:00;NotifOK ;146
442-sabine-buis;32356;1597320;1087453083;1808991;Madame BUIS Sabine;2019-10-30T00:00:00;NotifOK ;442
419-jean-claude-buisine;32357;1597325;1087453170;1809000;Monsieur BUISINE Jean-Claude;2019-10-30T00:00:00;NotifOK ;419
558-sylviane-bulteau;32170;1596012;1087453243;1809003;Madame BULTEAU Sylviane;2019-10-30T00:00:00;NotifOK ;558
583-vincent-burroni;32171;1596017;1087453273;1809005;Monsieur BURRONI Vincent;2019-10-30T00:00:00;NotifOK ;583
272-dominique-bussereau;32172;1596022;1087454084;1809006;Monsieur BUSSEREAU Dominique;2019-10-30T00:00:00;NotifOK ;272
515-alain-calmette;32641;1599111;1087463084;1809009;Monsieur CALMETTE Alain;2019-10-31T00:00:00;NotifOK ;515
102-jean-christophe-cambadelis;32173;1596027;1087463116;1809021;Monsieur CAMBADELIS Jean-Christophe;2019-10-31T00:00:00;NotifOK ;102
161-jean-jacques-candelier;32174;1596032;1087463150;1809031;Monsieur CANDELIER Jean-Jacques;2019-10-31T00:00:00;NotifOK ;161
408-colette-capdevielle;32175;1596037;1087463175;1809035;Madame CAPDEVIELLE Colette;2019-10-31T00:00:00;NotifOK ;408
531-yann-capet;32176;1596042;1087463209;1809038;Monsieur CAPET Yann;2019-10-31T00:00:00;NotifOK ;531
305-christophe-caresche;32177;1596047;1087463217;1809039;Monsieur CARESCHE Christophe;2019-10-31T00:00:00;NotifOK ;305
503-marie-arlette-carlotti;32221;1596469;1087463235;1809043;Madame CARLOTTI Marie-Arlette;2019-10-31T00:00:00;NotifOK ;503
566-jean-noel-carpentier;32222;1596474;1087463242;1809046;Monsieur CARPENTIER Jean-Noel;2019-10-31T00:00:00;NotifOK ;566
233-olivier-carre;32223;1596479;1087463276;1809047;Monsieur CARRE Olivier;2019-10-31T00:00:00;NotifOK ;233
155-gilles-carrez;32224;1596484;1087463281;1809048;Monsieur CARREZ Gilles;2019-10-31T00:00:00;NotifOK ;155
42-martine-carrillon-couvreur;32225;1596489;1087463293;1809058;Madame CARRILLON-COUVREUR Martine;2019-10-31T00:00:00;NotifOK ;42
541-patrice-carvalho;32226;1596502;1087463298;1809059;Monsieur CARVALHO Patrice;2019-10-31T00:00:00;NotifOK ;541
484-christophe-castaner;32178;1596052;1087463319;1809060;Monsieur CASTANER Christophe;2019-10-31T00:00:00;NotifOK ;484
201-laurent-cathala;32683;1599362;1087463329;1809063;Monsieur CATHALA Laurent;2019-10-31T00:00:00;NotifOK ;201
449-jean-yves-caullet;32160;1595934;1087463336;1809064;Monsieur CAULLET Jean-Yves;2019-10-31T00:00:00;NotifOK ;449
466-christophe-cavard;32161;1595958;1087463340;1809066;Monsieur CAVARD Christophe;2019-10-31T00:00:00;NotifOK ;466
291-yves-censi;32162;1595963;1087463354;1809072;Monsieur CENSI Yves;2019-10-31T00:00:00;NotifOK ;291
412-nathalie-chabanne;32638;1599094;1087463365;1809074;Madame CHABANNE Nathalie;2019-10-31T00:00:00;NotifOK ;412
454-ary-chalus;31554;719832;1087463382;1809076;Monsieur CHALUS Ary;2019-10-31T00:00:00;NotifOK ;454
274-guy-chambefort;32146;1595862;1087463422;1809082;Monsieur CHAMBEFORT Guy;2019-10-31T00:00:00;NotifOK ;274
78-jean-paul-chanteguet;32147;1595867;1087463450;1809083;Monsieur CHANTEGUET Jean-Paul;2019-10-31T00:00:00;NotifOK ;78
508-marie-anne-chapdelaine;32148;1595873;1087452643;1809086;Madame CHAPDELAINE Marie-Anne;2019-10-30T00:00:00;NotifOK ;508
268-gerard-charasse;32149;1595878;1090182388;1809087;Monsieur CHARASSE Gerard;2020-02-19T00:00:00;NotifOK ;268
489-gaby-charroux;32150;1595883;1090182585;1809089;Monsieur CHARROUX Gaby;2020-02-19T00:00:00;NotifOK ;489
17-jerome-chartier;32151;1595888;1090182668;1809091;Monsieur CHARTIER Jerome;2020-02-19T00:00:00;NotifOK ;17
229-andre-chassaigne;32152;1595894;1090182862;1809093;Monsieur CHASSAIGNE Andre;2020-02-19T00:00:00;NotifOK ;229
222-luc-chatel;32153;1595899;1090182970;1809094;Monsieur CHATEL Luc;2020-02-19T00:00:00;NotifOK ;222
375-guy-michel-chauveau;32154;1595904;1090183229;1809098;Monsieur CHAUVEAU Guy-Michel;2020-02-19T00:00:00;NotifOK ;375
588-dominique-chauvel;32324;945811;1090184403;1809099;Madame CHAUVEL Dominique;2020-02-19T00:00:00;NotifOK ;588
556-pascal-cherki;32325;1597143;1090184481;1809101;Monsieur CHERKI Pascal;2020-02-19T00:00:00;NotifOK ;556
35-gerard-cherpion;32326;1597148;1090184605;1809103;Monsieur CHERPION Gerard;2020-02-19T00:00:00;NotifOK ;35
387-guillaume-chevrollier;32546;1598522;1090184740;1809105;Monsieur CHEVROLLIER Guillaume;2020-02-19T00:00:00;NotifOK ;387
575-alain-chretien;32348;1597278;1090184806;1809106;Monsieur CHRETIEN Alain;2020-02-19T00:00:00;NotifOK ;575
77-jean-louis-christ;32342;1597245;1090184877;1809108;Monsieur CHRIST Jean-Louis;2020-02-19T00:00:00;NotifOK ;77
288-dino-cinieri;32343;1597250;1090184960;1809112;Monsieur CINIERI Dino;2020-02-19T00:00:00;NotifOK ;288
460-jean-david-ciot;32344;1597255;1090185019;1809113;Monsieur CIOT Jean-David;2020-02-19T00:00:00;NotifOK ;460
51-eric-ciotti;32345;1597260;1090185094;1809114;Monsieur CIOTTI Eric;2020-02-19T00:00:00;NotifOK ;51
93-alain-claeys;32346;1597265;1090187703;1809115;Monsieur CLAEYS Alain;2020-02-19T00:00:00;NotifOK ;93
637-stephane-claireaux;32347;1597270;1090187778;1809117;Monsieur CLAIREAUX Stephane;2020-02-19T00:00:00;NotifOK ;637
2-jean-michel-clement;32332;1597185;1090187827;1809118;Monsieur CLEMENT Jean-Michel;2020-02-19T00:00:00;NotifOK ;2
242-marie-francoise-clergeau;32609;1598932;1090187876;1809119;Madame CLERGEAU Marie-Francoise;2020-02-19T00:00:00;NotifOK ;242
300-philippe-cochet;32610;1598937;1090188017;1809135;Monsieur COCHET Philippe;2020-02-19T00:00:00;NotifOK ;300
230-romain-colas;32608;1598927;1090188086;1809137;Monsieur COLAS Romain;2020-02-19T00:00:00;NotifOK ;230
526-gilbert-collard;32607;1598922;1090188155;1809150;Monsieur COLLARD Gilbert;2020-02-19T00:00:00;NotifOK ;526
639-david-comet;32606;1598917;1090188200;1809152;Monsieur COMET David;2020-02-19T00:00:00;NotifOK ;639
123-jean-francois-cope;32613;1598954;1090188262;1809153;Monsieur COPE Jean-Francois;2020-02-19T00:00:00;NotifOK ;123
579-philip-cordery;32605;1598912;1090188372;1809155;Monsieur CORDERY Philip;2020-02-19T00:00:00;NotifOK ;579
39-francois-cornut-gentille;32145;1595860;1090188425;1809156;Monsieur CORNUT-GENTILLE Francois;2020-02-19T00:00:00;NotifOK ;39
450-sergio-coronado;32596;1598861;1090188502;1809157;Monsieur CORONADO Sergio;2020-02-19T00:00:00;NotifOK ;450
430-valerie-corre;32597;1598866;1090188633;1809158;Madame CORRE Valerie;2020-02-19T00:00:00;NotifOK ;430
628-jean-louis-costes;32598;1598872;1090188696;1809159;Monsieur COSTES Jean-Louis;2020-02-19T00:00:00;NotifOK ;628
426-jean-jacques-cottel;32599;1598877;1090188843;1809160;Monsieur COTTEL Jean-Jacques;2020-02-19T00:00:00;NotifOK ;426
6-charles-de-courson;32600;1598882;1090814361;1809161;Monsieur DE COURSON Charles;2020-03-16T00:00:00;NotifOK ;6
98-edouard-courtial;32327;1597153;1090814389;1809162;Monsieur COURTIAL Edouard;2020-03-16T00:00:00;NotifOK ;98
282-catherine-coutelle;32358;1597330;1090814411;1809164;Madame COUTELLE Catherine;2020-03-16T00:00:00;NotifOK ;282
76-jean-michel-couve;32359;1597336;1090814448;1809165;Monsieur COUVE Jean-Michel;2020-03-16T00:00:00;NotifOK ;76
354-jacques-cresta;32360;1597343;1090814468;1809166;Monsieur CRESTA Jacques;2020-03-16T00:00:00;NotifOK ;354
136-pascale-crozon;32361;1597349;1090814522;1809167;Madame CROZON Pascale;2020-03-16T00:00:00;NotifOK ;136
276-frederic-cuvillier;32211;1596409;1090814552;1809168;Monsieur CUVILLIER Frederic;2020-03-16T00:00:00;NotifOK ;276
403-seybah-dagoma;32212;1596415;1090814601;1809169;Madame DAGOMA Seybah;2020-03-16T00:00:00;NotifOK ;403
254-marie-christine-dalloz;32213;1596421;1090814622;1809178;Madame DALLOZ Marie-Christine;2020-03-16T00:00:00;NotifOK ;254
540-yves-daniel;32214;1596427;1090814719;1809186;Monsieur DANIEL Yves;2020-03-16T00:00:00;NotifOK ;540
645-karine-daniel;32647;1599146;1090814694;1809180;Madame DANIEL Karine;2020-03-16T00:00:00;NotifOK ;645
597-carlos-da-silva;32215;1596433;1090814780;1809187;Monsieur DA SILVA Carlos;2020-03-16T00:00:00;NotifOK ;597
50-marc-philippe-daubresse;32216;1596439;1090814824;1809196;Monsieur DAUBRESSE Marc-Philippe;2020-03-16T00:00:00;NotifOK ;50
277-bernard-debre;32648;1599148;1090814871;1809197;Monsieur DEBRE Bernard;2020-03-16T00:00:00;NotifOK ;277
122-jean-pierre-decool;32649;1599154;1090814337;1809198;Monsieur DECOOL Jean-Pierre;2020-03-16T00:00:00;NotifOK ;122
153-bernard-deflesselles;32362;1597355;1090812435;1809199;Monsieur DEFLESSELLES Bernard;2020-03-16T00:00:00;NotifOK ;153
636-laurent-degallaix;32363;1597361;1090812571;1809200;Monsieur DEGALLAIX Laurent;2020-03-16T00:00:00;NotifOK ;636
250-lucien-degauchy;32601;1598888;1090813290;1809201;Monsieur DEGAUCHY Lucien;2020-03-16T00:00:00;NotifOK ;250
109-pascal-deguilhem;32602;1598894;1090747647;1809202;Monsieur DEGUILHEM Pascal;2020-03-16T00:00:00;NotifOK ;109
144-remi-delatte;32635;1599082;1090747713;1809204;Monsieur DELATTE Remi;2020-03-16T00:00:00;NotifOK ;144
606-florence-delaunay;32603;1598900;1090747740;1809209;Madame DELAUNAY Florence;2020-03-16T00:00:00;NotifOK ;606
223-michele-delaunay;32258;1596678;1090747776;1809210;Madame DELAUNAY Michele;2020-03-16T00:00:00;NotifOK ;223
214-guy-delcourt;
528-carole-delga;32260;1595198;1090812194;1809212;Madame DELGA Carole;2020-03-16T00:00:00;NotifOK ;528
172-jacques-dellerie;32604;1598906;1090813956;1809214;Monsieur DELLERIE Jacques;2020-03-16T00:00:00;NotifOK ;172
622-pascal-demarthe;32525;1598396;1090814270;1809216;Monsieur DEMARTHE Pascal;2020-03-16T00:00:00;NotifOK ;622
239-stephane-demilly;32526;1598402;1090814302;1809217;Monsieur DEMILLY Stephane;2020-03-16T00:00:00;NotifOK ;239
553-sebastien-denaja;32664;1595858;1090812387;1809224;Monsieur DENAJA Sebastien;2020-03-16T00:00:00;NotifOK ;553
386-francoise-descamps-crosnier;32665;1599263;1090813770;1809226;Madame DESCAMPS-CROSNIER Francoise;2020-03-16T00:00:00;NotifOK ;386
424-jean-louis-destans;32319;1597113;1090813814;1809228;Monsieur DESTANS Jean-Louis;2020-03-16T00:00:00;NotifOK ;424
145-michel-destot;32320;1597119;1090813853;1809230;Monsieur DESTOT Michel;2020-03-16T00:00:00;NotifOK ;145
278-patrick-devedjian;32655;1599190;1090813896;1809232;Monsieur DEVEDJIAN Patrick;2020-03-16T00:00:00;NotifOK ;278
243-nicolas-dhuicq;32321;1597125;1090813958;1809235;Monsieur DHUICQ Nicolas;2020-03-16T00:00:00;NotifOK ;243
571-sophie-dion;32634;1599076;1090814007;1809236;Madame DION Sophie;2020-03-16T00:00:00;NotifOK ;571
321-julien-dive;32592;1598837;1090814097;1809238;Monsieur DIVE Julien;2020-03-16T00:00:00;NotifOK ;321
64-marc-dolez;32681;1599350;1090814143;1809239;Monsieur DOLEZ Marc;2020-03-16T00:00:00;NotifOK ;64
411-fanny-dombre-coste;32593;1598843;1090814172;1809240;Madame DOMBRE COSTE Fanny;2020-03-16T00:00:00;NotifOK ;411
361-damien-abad;
381-laurence-abeille;
570-ibrahim-aboubacar;
620-elie-aboud;
177-bernard-accoyer;
219-patricia-adam;
444-sylviane-alaux;
452-eric-alauzet;
199-yves-albarello;
465-jean-pierre-allossery;
103-nicole-ameline;
385-pouria-amirshahi;
521-francois-andre;
265-sylvie-andrieux;
164-benoist-apparu;
388-nathalie-appere;
417-kader-arif;
121-laurence-arribage;
72-francois-asensi;
576-christian-assaf;
500-julien-aubert;
562-olivier-audibert-troin;
501-danielle-auroi;
404-pierre-aylagas;
433-bruno-nestor-azerot;
594-guillaume-bachelay;32180;1596064;;1808848;Monsieur BACHELAY Guillaume;2019-10-25T00:00:00; ;594
497-alexis-bachelay;32179;1596058;;1808845;Monsieur BACHELAY Alexis;2019-10-25T00:00:00; ;497
182-jean-paul-bacquet;32181;1596070;;1808849;Monsieur BACQUET Jean-Paul;2019-10-25T00:00:00; ;182
186-jean-pierre-door;32594;1598849;1090814248;1809241;Monsieur DOOR Jean-Pierre;2020-03-16T00:00:00;NotifOK ;186
86-dominique-dord;32666;1599269;1090814286;1809242;Monsieur DORD Dominique;2020-03-16T00:00:00;NotifOK ;86
41-rene-dosiere;32425;1597755;1090814332;1809248;Monsieur DOSIERE Rene;2020-03-16T00:00:00;NotifOK ;41
422-philippe-doucet;32454;1597966;1090814360;1809249;Monsieur DOUCET Philippe;2020-03-16T00:00:00;NotifOK ;422
519-sandrine-doucet;32455;1597972;1090813700;1809250;Madame DOUCET Sandrine;2020-03-16T00:00:00;NotifOK ;519
328-david-douillet;32668;1599282;1090812929;1809252;Monsieur DOUILLET David;2020-03-16T00:00:00;NotifOK ;328
477-jeanine-dubie;32595;1598855;1090813041;1809255;Madame DUBIE Jeanine;2020-03-16T00:00:00;NotifOK ;477
343-marianne-dubois;32615;1598965;1090813208;1809262;Madame DUBOIS Marianne;2020-03-16T00:00:00;NotifOK ;343
516-francoise-dubois;32614;1598959;1090813114;1809260;Madame DUBOIS Francoise;2020-03-16T00:00:00;NotifOK ;516
542-virginie-duby-muller;32543;1598504;1090813314;1809263;Madame DUBY-MULLER Virginie;2020-03-16T00:00:00;NotifOK ;542
8-jean-pierre-dufau;32544;1598510;1090813380;1809277;Monsieur DUFAU Jean-Pierre;2020-03-16T00:00:00;NotifOK ;8
360-cecile-duflot;
359-anne-lise-dufour-tonini;32616;1598971;1090814424;1809292;Madame DUFOUR-TONINI Anne-Lise;2020-03-16T00:00:00;NotifOK ;359
290-william-dumas;32617;1598977;1090814600;1809296;Monsieur DUMAS William;2020-03-16T00:00:00;NotifOK ;290
364-francoise-dumas;32618;1598983;;1809299;Madame DUMAS Francoise;2020-03-16T00:00:00;NotifOK ;364
95-jean-louis-dumont;32620;1005647;1090814786;1809303;Monsieur DUMONT Jean-Louis;2020-03-16T00:00:00;NotifOK ;95
176-laurence-dumont;32619;1598990;1090814706;1809301;Madame DUMONT Laurence;2020-03-16T00:00:00;NotifOK ;176
247-nicolas-dupont-aignan;32621;1598996;1090814861;1809304;Monsieur DUPONT-AIGNAN Nicolas;2020-03-16T00:00:00;NotifOK ;247
319-jean-paul-dupre;32517;1598348;1090814929;1809305;Monsieur DUPRE Jean-Paul;2020-03-16T00:00:00;NotifOK ;319
197-yves-durand;32518;1598354;1090813993;1809306;Monsieur DURAND Yves;2020-03-16T00:00:00;NotifOK ;197
280-philippe-duron;32519;1598360;1090813902;1809344;Monsieur DURON Philippe;2020-03-16T00:00:00;NotifOK ;280
70-olivier-dussopt;32520;1598366;1090813856;1809348;Monsieur DUSSOPT Olivier;2020-03-16T00:00:00;NotifOK ;70
623-eric-elkouby;32654;1599184;1090813813;1809351;Monsieur ELKOUBY Eric;2020-03-16T00:00:00;NotifOK ;623
481-sophie-errante;32310;1597059;1090813687;1809355;Madame ERRANTE Sophie;2020-03-16T00:00:00;NotifOK ;481
377-marie-helene-fabre;32311;1597065;1090814374;1809356;Madame FABRE Marie-Helene;2020-03-16T00:00:00;NotifOK ;377
420-olivier-falorni;32312;1597071;1090814409;1809357;Monsieur FALORNI Olivier;2020-03-16T00:00:00;NotifOK ;420
60-daniel-fasquelle;32368;1597391;1090813763;1809358;Monsieur FASQUELLE Daniel;2020-03-16T00:00:00;NotifOK ;60
468-olivier-faure;32369;1597397;1090814067;1809359;Monsieur FAURE Olivier;2020-03-16T00:00:00;NotifOK ;468
143-martine-faure;32370;1597403;1090954802;1809360;Madame FAURE Martine;2020-03-23T00:00:00;NotifOK ;143
490-alain-faure;32401;1597588;1090814133;1809361;Monsieur FAURE Alain;2020-03-16T00:00:00;NotifOK ;490
226-yannick-favennec;32371;1597409;1090814165;1809363;Monsieur FAVENNEC Yannick;2020-03-16T00:00:00;NotifOK ;226
99-georges-fenech;32372;1597415;1090814213;1809365;Monsieur FENECH Georges;2020-03-16T00:00:00;NotifOK ;99
9-herve-feron;32628;1599038;1090814277;1809366;Monsieur FERON Herve;2020-03-16T00:00:00;NotifOK ;9
349-richard-ferrand;32402;1597594;1090814330;1809367;Monsieur FERRAND Richard;2020-03-16T00:00:00;NotifOK ;349
248-aurelie-filippetti;32403;1597600;1090963101;1809368;Madame FILIPPETTI Aurelie;2020-03-23T00:00:00;NotifOK ;248
62-francois-fillon;32404;1597606;1090815691;1809371;Monsieur FILLON Francois;2020-03-16T00:00:00;NotifOK ;62
183-genevieve-fioraso;32405;1597616;1090963103;1809372;Madame FIORASO Genevieve;2020-03-23T00:00:00;NotifOK ;183
314-philippe-folliot;32406;1597622;1090815755;1809373;Monsieur FOLLIOT Philippe;2020-03-16T00:00:00;NotifOK ;314
61-marie-louise-fort;32398;1597570;1090815845;1809375;Madame FORT Marie-Louise;2020-03-16T00:00:00;NotifOK ;61
485-yves-foulon;32407;1597628;1090815871;1809378;Monsieur FOULON Yves;2020-03-16T00:00:00;NotifOK ;485
561-hugues-fourage;32408;1597634;1090815896;1809379;Monsieur FOURAGE Hugues;2020-03-16T00:00:00;NotifOK ;561
617-jean-marc-fournel;32313;1597077;1090815931;1809380;Monsieur FOURNEL Jean-Marc;2020-03-16T00:00:00;NotifOK ;617
15-valerie-fourneyron;32331;1597179;1090815984;1809382;Madame FOURNEYRON Valerie;2020-03-16T00:00:00;NotifOK ;15
582-michele-fournier-armand;32624;1599014;1090816015;1809383;Madame FOURNIER-ARMAND Michele;2020-03-16T00:00:00;NotifOK ;582
405-michel-francaix;32163;1595970;1090816054;1809384;Monsieur FRANCAIX Michel;2020-03-16T00:00:00;NotifOK ;405
266-marc-francina;32164;1595976;1090816137;1809387;Monsieur FRANCINA Marc;2020-03-16T00:00:00;NotifOK ;266
401-christian-franqueville;32165;1595982;1090747671;1809390;Monsieur FRANQUEVILLE Christian;2020-03-16T00:00:00;NotifOK ;401
36-jacqueline-fraysse;32639;1599099;1090815326;1809391;Madame FRAYSSE Jacqueline;2020-03-16T00:00:00;NotifOK ;36
382-jean-christophe-fromantin;32640;1599105;1090815349;1809392;Monsieur FROMANTIN Jean-Christophe;2020-03-16T00:00:00;NotifOK ;382
263-yves-fromion;32166;1595988;1090815381;1809393;Monsieur FROMION Yves;2020-03-16T00:00:00;NotifOK ;263
312-jean-claude-fruteau;32167;1595994;1090815442;1809394;Monsieur FRUTEAU Jean-Claude;2020-03-16T00:00:00;NotifOK ;312
467-laurent-furst;32284;1596848;1090815465;1809396;Monsieur FURST Laurent;2020-03-16T00:00:00;NotifOK ;467
331-jean-louis-gagnaire;32285;1596854;1090815502;1809400;Monsieur GAGNAIRE Jean-Louis;2020-03-16T00:00:00;NotifOK ;331
294-genevieve-gaillard;32286;1596860;1090815525;1809404;Madame GAILLARD Genevieve;2020-03-16T00:00:00;NotifOK ;294
522-yann-galut;32287;1596866;1090815566;1809409;Monsieur GALUT Yann;2020-03-16T00:00:00;NotifOK ;522
476-claude-de-ganay;32314;1597083;1090815607;1809410;Monsieur DE GANAY Claude;2020-03-16T00:00:00;NotifOK ;476
220-sauveur-gandolfi-scheit;32315;1597089;1090815625;1809412;Monsieur GANDOLFI-SCHEIT Sauveur;2020-03-16T00:00:00;NotifOK ;220
198-guillaume-garot;32656;1599197;1090815144;1809415;Monsieur GAROT Guillaume;2020-03-16T00:00:00;NotifOK ;198
19-renaud-gauquelin;32333;1597190;1090815194;1809425;Monsieur GAUQUELIN Renaud;2020-03-16T00:00:00;NotifOK ;19
24-herve-gaymard;32341;1597239;1090815227;1809427;Monsieur GAYMARD Herve;2020-03-16T00:00:00;NotifOK ;24
464-annie-genevard;32339;1597227;1090815285;1809428;Madame GENEVARD Annie;2020-03-16T00:00:00;NotifOK ;464
236-guy-geoffroy;32340;1597233;1090815305;1809430;Monsieur GEOFFROY Guy;2020-03-16T00:00:00;NotifOK ;236
88-bernard-gerard;32657;1599203;1090813462;1809436;Monsieur GERARD Bernard;2020-03-16T00:00:00;NotifOK ;88
550-jean-marc-germain;32658;1599209;1090813522;1809445;Monsieur GERMAIN Jean-Marc;2020-03-16T00:00:00;NotifOK ;550
207-alain-gest;32334;1597196;1090813580;1809446;Monsieur GEST Alain;2020-03-16T00:00:00;NotifOK ;207
11-paul-giacobbi;32168;1596000;;1809447;Monsieur GIACOBBI Paul;2020-03-16T00:00:00;NotifOK ;11
453-daniel-gibbes;32335;1597202;1090963104;1809448;Monsieur GIBBES Daniel;2020-03-23T00:00:00;NotifOK ;453
310-franck-gilard;32336;1597208;1090963106;1809450;Monsieur GILARD Franck;2020-03-23T00:00:00;NotifOK ;310
124-jean-patrick-gille;32337;1597215;1090963108;1809451;Monsieur GILLE Jean-Patrick;2020-03-23T00:00:00;NotifOK ;124
559-georges-ginesta;32316;1597095;1090963110;1809452;Monsieur GINESTA Georges;2020-03-23T00:00:00;NotifOK ;559
363-charles-ange-ginesy;32521;1598372;1090963111;1809453;Monsieur GINESY Charles-Ange;2020-03-23T00:00:00;NotifOK ;363
267-jean-pierre-giran;32660;1599216;1090963114;1809454;Monsieur GIRAN Jean-Pierre;2020-03-23T00:00:00;NotifOK ;267
283-jean-glavany;32503;1598265;1090963117;1809461;Monsieur GLAVANY Jean;2020-03-23T00:00:00;NotifOK ;283
525-yves-goasdoue;32504;;;1809462;Monsieur GOASDOUE Yves;; ;525
59-claude-goasguen;32505;1598276;1090963130;1809463;Monsieur GOASGUEN Claude;2020-03-23T00:00:00;NotifOK ;59
195-daniel-goldberg;32506;1598282;1090963136;1809465;Monsieur GOLDBERG Daniel;2020-03-23T00:00:00;NotifOK ;195
471-philippe-gomes;32507;1598288;1090963137;1809466;Monsieur GOMES Philippe;2020-03-23T00:00:00;NotifOK ;471
69-jean-pierre-gorges;32300;1596999;1090963145;1809468;Monsieur GORGES Jean-Pierre;2020-03-23T00:00:00;NotifOK ;69
115-philippe-gosselin;32301;1597005;1090963146;1809469;Monsieur GOSSELIN Philippe;2020-03-23T00:00:00;NotifOK ;115
593-genevieve-gosselin-fleury;32302;1597011;1090963147;1809470;Madame GOSSELIN-FLEURY Genevieve;2020-03-23T00:00:00;NotifOK ;593
27-pascale-got;32303;1597017;1090963149;1809568;Madame GOT Pascale;2020-03-23T00:00:00;NotifOK ;27
169-marc-goua;32304;1597023;1090963151;1809569;Monsieur GOUA Marc;2020-03-23T00:00:00;NotifOK ;169
189-philippe-goujon;
397-linda-gourjade;32305;1597029;1090963154;1809571;Madame GOURJADE Linda;2020-03-23T00:00:00;NotifOK ;397
451-laurent-grandguillaume;32306;1597035;1090963155;1809574;Monsieur GRANDGUILLAUME Laurent;2020-03-23T00:00:00;NotifOK ;451
213-claude-greff;32307;1597041;1091917575;1809575;Madame GREFF Claude;2020-05-22T00:00:00;NotifOK ;213
327-jean-grellier;32308;1597047;1090963156;1809579;Monsieur GRELLIER Jean;2020-03-23T00:00:00;NotifOK ;327
185-arlette-grosskost;32309;1597053;1090963157;1809580;Madame GROSSKOST Arlette;2020-03-23T00:00:00;NotifOK ;185
295-serge-grouard;32508;1598294;1090963158;1809583;Monsieur GROUARD Serge;2020-03-23T00:00:00;NotifOK ;295
530-henri-guaino;32671;1599294;1090963163;1809586;Monsieur GUAINO Henri;2020-03-23T00:00:00;NotifOK ;530
28-francoise-guegot;32509;1598300;1090963165;1809590;Madame GUEGOT Francoise;2020-03-23T00:00:00;NotifOK ;28
533-edith-gueugneau;32262;1596700;1090963186;1809593;Madame GUEUGNEAU Edith;2020-03-23T00:00:00;NotifOK ;533
211-jean-claude-guibal;32510;1598306;1090963187;1809594;Monsieur GUIBAL Jean-Claude;2020-03-23T00:00:00;NotifOK ;211
249-elisabeth-guigou;
142-jean-jacques-guillet;32511;1598312;1090963191;1809598;Monsieur GUILLET Jean-Jacques;2020-03-23T00:00:00;NotifOK ;142
227-christophe-guilloteau;32661;1599222;1090963192;1809600;Monsieur GUILLOTEAU Christophe;2020-03-23T00:00:00;NotifOK ;227
447-chantal-guittet;32377;1597449;1090963194;1809607;Madame GUITTET Chantal;2020-03-23T00:00:00;NotifOK ;447
329-david-habib;32364;1597367;1090963207;1809610;Monsieur HABIB David;2020-03-23T00:00:00;NotifOK ;329
627-meyer-habib;32378;1597455;1090963203;1809609;Monsieur HABIB Meyer;2020-03-23T00:00:00;NotifOK ;627
384-razzy-hammadi;32365;1597373;1090963216;1809611;Monsieur HAMMADI Razzy;2020-03-23T00:00:00;NotifOK ;384
580-benoit-hamon;
474-mathieu-hanotin;32379;1597461;1090963226;1809615;Monsieur HANOTIN Mathieu;2020-03-23T00:00:00;NotifOK ;474
313-michel-heinrich;32512;1598318;1090963227;1809616;Monsieur HEINRICH Michel;2020-03-23T00:00:00;NotifOK ;313
91-michel-herbillon;32423;1597743;1090963229;1809617;Monsieur HERBILLON Michel;2020-03-23T00:00:00;NotifOK ;91
215-antoine-herth;32513;1598324;1090963230;1809618;Monsieur HERTH Antoine;2020-03-23T00:00:00;NotifOK ;215
568-patrick-hetzel;32380;1597467;1090963233;1809620;Monsieur HETZEL Patrick;2020-03-23T00:00:00;NotifOK ;568
20-francis-hillmeyer;32381;1597473;1090963238;1809635;Monsieur HILLMEYER Francis;2020-03-23T00:00:00;NotifOK ;20
634-gilda-hobert;32383;1597479;1090963242;1809636;Madame HOBERT Gilda;2020-03-23T00:00:00;NotifOK ;634
92-philippe-houillon;32384;1597485;1090963245;1809637;Monsieur HOUILLON Philippe;2020-03-23T00:00:00;NotifOK ;92
151-guenhael-huet;32514;1598330;1090963252;1809638;Monsieur HUET Guenhael;2020-03-23T00:00:00;NotifOK ;151
514-joelle-huillier;32515;1598336;1090963256;1809643;Madame HUILLIER Joelle;2020-03-23T00:00:00;NotifOK ;514
271-christian-hutin;32428;1597773;1090963258;1809646;Monsieur HUTIN Christian;2020-03-23T00:00:00;NotifOK ;271
336-sebastien-huyghe;32429;1597779;1090963260;1809647;Monsieur HUYGHE Sebastien;2020-03-23T00:00:00;NotifOK ;336
58-monique-iborra;32430;1597785;1090963263;1809657;Madame IBORRA Monique;2020-03-23T00:00:00;NotifOK ;58
56-francoise-imbert;32393;1597540;1090963265;1809658;Madame IMBERT Francoise;2020-03-23T00:00:00;NotifOK ;56
338-michel-issindou;32394;1597546;1090963268;1809660;Monsieur ISSINDOU Michel;2020-03-23T00:00:00;NotifOK ;338
325-christian-jacob;32395;1597552;1090963276;1809661;Monsieur JACOB Christian;2020-03-23T00:00:00;NotifOK ;325
40-denis-jacquat;32396;1597558;1090963278;1809662;Monsieur JACQUAT Denis;2020-03-23T00:00:00;NotifOK ;40
308-eric-jalton;32662;1599250;1090963287;1809664;Monsieur JALTON Eric;2020-03-23T00:00:00;NotifOK ;308
165-serge-janquin;32397;1597564;1090963289;1809666;Monsieur JANQUIN Serge;2020-03-23T00:00:00;NotifOK ;165
237-yves-jego;32399;1597576;1090963297;1809668;Monsieur JEGO Yves;2020-03-23T00:00:00;NotifOK ;237
149-henri-jibrayel;32400;1597582;1090963299;1809669;Monsieur JIBRAYEL Henri;2020-03-23T00:00:00;NotifOK ;149
642-romain-joron;32431;1597791;1090963304;1809670;Monsieur JORON Romain;2020-03-23T00:00:00;NotifOK ;642
368-laurent-kalinowski;32522;1598378;1090963306;1809671;Monsieur KALINOWSKI Laurent;2020-03-23T00:00:00;NotifOK ;368
299-marietta-karamanli;32516;1598342;1090963309;1809689;Madame KARAMANLI Marietta;2020-03-23T00:00:00;NotifOK ;299
527-philippe-kemel;32523;1598384;1090963311;1809690;Monsieur KEMEL Philippe;2020-03-23T00:00:00;NotifOK ;527
210-christian-kert;32524;1598390;1090963320;1809691;Monsieur KERT Christian;2020-03-23T00:00:00;NotifOK ;210
536-chaynesse-khirouni;
346-nathalie-kosciusko-morizet;32527;1598408;1090963322;1809695;Madame KOSCIUSKO-MORIZET Nathalie;2020-03-23T00:00:00;NotifOK ;346
148-jacques-kossowski;32528;1598414;1090963331;1809696;Monsieur KOSSOWSKI Jacques;2020-03-23T00:00:00;NotifOK ;148
587-jacques-krabal;32529;1598420;1090963334;1809697;Monsieur KRABAL Jacques;2020-03-23T00:00:00;NotifOK ;587
150-patrick-labaune;32530;1598426;1090963347;1809698;Monsieur LABAUNE Patrick;2020-03-23T00:00:00;NotifOK ;150
544-bernadette-laclais;32328;1597159;1090963350;1809700;Madame LACLAIS Bernadette;2020-03-23T00:00:00;NotifOK ;544
445-valerie-lacroute;32329;1597165;1090963352;1809701;Madame LACROUTE Valerie;2020-03-23T00:00:00;NotifOK ;445
202-conchita-lacuey;32330;1597173;1090963355;1809702;Madame LACUEY Conchita;2020-03-23T00:00:00;NotifOK ;202
5-marc-laffineur;32409;1597643;1090963356;1809703;Monsieur LAFFINEUR Marc;2020-03-23T00:00:00;NotifOK ;5
362-sonia-lagarde;32410;1597649;1090963357;1809707;Madame LAGARDE Sonia;2020-03-23T00:00:00;NotifOK ;362
160-jean-christophe-lagarde;32411;1597655;1090963373;1809713;Monsieur LAGARDE Jean-Christophe;2020-03-23T00:00:00;NotifOK ;160
22-jerome-lambert;32663;1599257;1090963380;1809718;Monsieur LAMBERT Jerome;2020-03-23T00:00:00;NotifOK ;22
410-francois-michel-lambert;32412;1597661;1090963375;1809715;Monsieur LAMBERT Francois-Michel;2020-03-23T00:00:00;NotifOK ;410
326-jacques-lamblin;32373;1597421;1090963384;1809720;Monsieur LAMBLIN Jacques;2020-03-23T00:00:00;NotifOK ;326
1-jean-francois-lamour;32374;1597431;1090963388;1809723;Monsieur LAMOUR Jean-Francois;2020-03-23T00:00:00;NotifOK ;1
323-francois-lamy;32375;1597437;1090963399;1809728;Monsieur LAMY Francois;2020-03-23T00:00:00;NotifOK ;323
633-anne-christine-lang;32376;1597443;1090963402;1809729;Madame LANG Anne-Christine;2020-03-23T00:00:00;NotifOK ;633
241-colette-langlade;32413;1597667;1090963407;1809730;Madame LANGLADE Colette;2020-03-23T00:00:00;NotifOK ;241
563-laure-de-la-raudiere;32622;1599002;1090963408;1809731;Madame DE LA RAUDIERE Laure;2020-03-23T00:00:00;NotifOK ;563
524-guillaume-larrive;32623;1599008;1090963411;1809732;Monsieur LARRIVE Guillaume;2020-03-23T00:00:00;NotifOK ;524
262-jean-lassalle;32317;1597101;1090963413;1809740;Monsieur LASSALLE Jean;2020-03-23T00:00:00;NotifOK ;262
216-jean-launay;32318;1597107;1090963425;1809743;Monsieur LAUNAY Jean;2020-03-23T00:00:00;NotifOK ;216
547-jean-luc-laurent;32676;1599320;1090963431;1809744;Monsieur LAURENT Jean-Luc;2020-03-23T00:00:00;NotifOK ;547
496-charles-de-la-verpilliere;
26-thierry-lazaro;32633;1599070;1090963440;1809753;Monsieur LAZARO Thierry;2020-03-23T00:00:00;NotifOK ;26
438-alain-leboeuf;32532;1598438;1090963445;1809756;Monsieur LEBOEUF Alain;2020-03-23T00:00:00;NotifOK ;438
398-pierre-yves-le-borgn;32533;1598444;1090963447;1809760;Monsieur LE BORGN' Pierre-Yves;2020-03-23T00:00:00;NotifOK ;398
206-jean-yves-le-bouillonnec;
303-marylise-lebranchu;32534;1598450;1090963462;1809765;Madame LEBRANCHU Marylise;2020-03-23T00:00:00;NotifOK ;303
318-patrick-lebreton;32672;1599300;1090963467;1809768;Monsieur LEBRETON Patrick;2020-03-23T00:00:00;NotifOK ;318
87-gilbert-le-bris;32535;1598456;1090963469;1809772;Monsieur LE BRIS Gilbert;2020-03-23T00:00:00;NotifOK ;87
478-isabelle-le-callennec;32536;1598462;1090963475;1809774;Madame LE CALLENNEC Isabelle;2020-03-23T00:00:00;NotifOK ;478
499-anne-yvonne-le-dain;32537;1598468;1090963479;1809776;Madame LE DAIN Anne-Yvonne;2020-03-23T00:00:00;NotifOK ;499
298-jean-yves-le-deaut;32673;1599306;1090963482;1809779;Monsieur LE DEAUT Jean-Yves;2020-03-23T00:00:00;NotifOK ;298
487-viviane-le-dissez;32538;1598474;1090963487;1809781;Madame LE DISSEZ Viviane;2020-03-23T00:00:00;NotifOK ;487
643-vincent-ledoux;32539;1598480;1090963491;1809782;Monsieur LEDOUX Vincent;2020-03-23T00:00:00;NotifOK ;643
104-michel-lefait;32540;1598486;1090963495;1809783;Monsieur LEFAIT Michel;2020-03-23T00:00:00;NotifOK ;104
626-frederic-lefebvre;32541;1598492;1091239390;1809789;Monsieur LEFEBVRE Frederic;2020-04-07T00:00:00;NotifOK ;626
529-dominique-lefebvre;32261;1596694;1090963497;1809788;Monsieur LEFEBVRE Dominique;2020-03-23T00:00:00;NotifOK ;529
12-marc-le-fur;32542;1598498;1091239425;1809790;Monsieur LE FUR Marc;2020-04-07T00:00:00;NotifOK ;12
543-annie-le-houerou;32573;1598686;1091239468;1809792;Madame LE HOUEROU Annie;2020-04-07T00:00:00;NotifOK ;543
74-pierre-lellouche;32574;1598692;1091239493;1809793;Monsieur LELLOUCHE Pierre;2020-04-07T00:00:00;NotifOK ;74
344-annick-le-loch;32575;1598698;1091239504;1809794;Madame LE LOCH Annick;2020-04-07T00:00:00;NotifOK ;344
365-axelle-lemaire;32426;1597761;1091239546;1809797;Monsieur LEMAIRE Axelle;2020-04-07T00:00:00;NotifOK ;365
275-bruno-le-maire;32677;1599326;1091239577;1809811;Monsieur LE MAIRE Bruno;2020-04-07T00:00:00;NotifOK ;275
21-patrick-lemasle;32576;1598704;1091239593;1809812;Monsieur LEMASLE Patrick;2020-04-07T00:00:00;NotifOK ;21
159-dominique-le-mener;32577;1598710;1091239618;1809816;Monsieur LE MENER Dominique;2020-04-07T00:00:00;NotifOK ;159
168-catherine-lemorton;32578;1598720;1091239630;1809818;Madame LEMORTON Catherine;2020-04-07T00:00:00;NotifOK ;168
446-christophe-leonard;32579;1598726;1091239646;1809819;Monsieur LEONARD Christophe;2020-04-07T00:00:00;NotifOK ;446
14-jean-leonetti;32580;1598732;1091239664;1809826;Monsieur LEONETTI Jean;2020-04-07T00:00:00;NotifOK ;14
32-annick-lepetit;32581;1598738;1091239683;1809827;Madame LEPETIT Annick;2020-04-07T00:00:00;NotifOK ;32
85-pierre-lequiller;32547;1598527;1091239716;1809828;Monsieur LEQUILLER Pierre;2020-04-07T00:00:00;NotifOK ;85
546-philippe-le-ray;32548;1598533;1091239730;1809834;Monsieur LE RAY Philippe;2020-04-07T00:00:00;NotifOK ;546
416-jean-pierre-le-roch;32549;1598539;1091239757;1809835;Monsieur LE ROCH Jean-Pierre;2020-04-07T00:00:00;NotifOK ;416
46-bruno-le-roux;32277;1596805;1091239771;1809837;Monsieur LE ROUX Bruno;2020-04-07T00:00:00;NotifOK ;46
37-maurice-leroy;32279;1596817;1091239829;1809849;Monsieur LEROY Maurice;2020-04-07T00:00:00;NotifOK ;37
569-arnaud-leroy;32278;1596811;1091239813;1809840;Monsieur LEROY Arnaud;2020-04-07T00:00:00;NotifOK ;569
631-marie-therese-le-roy;32280;1596823;1091239839;1809850;Madame LE ROY Marie-Therese;2020-04-07T00:00:00;NotifOK ;631
367-michel-lesage;32281;1596829;1091239862;1809851;Monsieur LESAGE Michel;2020-04-07T00:00:00;NotifOK ;367
106-bernard-lesterlin;32282;1596835;1091239881;1809853;Monsieur LESTERLIN Bernard;2020-04-07T00:00:00;NotifOK ;106
173-serge-letchimy;32424;1597749;1091239902;1809860;Monsieur LETCHIMY Serge;2020-04-07T00:00:00;NotifOK ;173
260-celeste-lett;32626;1599026;1091917663;1809864;Madame LETT Celeste;2020-05-22T00:00:00;NotifOK ;260
640-marie-le-vern;32468;1598051;1091239938;1809867;Madame LE VERN Marie;2020-04-07T00:00:00;NotifOK ;640
170-genevieve-levy;32469;1598057;1091239949;1809868;Madame LEVY Genevieve;2020-04-07T00:00:00;NotifOK ;170
166-michel-liebgott;32470;1598063;1091239984;1809869;Monsieur LIEBGOTT Michel;2020-04-07T00:00:00;NotifOK ;166
322-martine-lignieres-cassou;32427;1597767;1091240006;1809870;Madame LIGNIERES-CASSOU Martine;2020-04-07T00:00:00;NotifOK ;322
509-audrey-linkenheld;32471;1598069;1091240026;1809871;Madame LINKENHELD Audrey;2020-04-07T00:00:00;NotifOK ;509
188-francois-loncle;32472;1598075;1091240047;1809873;Monsieur LONCLE Francois;2020-04-07T00:00:00;NotifOK ;188
324-gabrielle-louis-carabin;32450;1597938;1091240120;1809879;Madame LOUIS-CARABIN Gabrielle;2020-04-07T00:00:00;NotifOK ;324
491-lucette-lousteau;32451;1597944;1091240151;1809881;Madame LOUSTEAU Lucette;2020-04-07T00:00:00;NotifOK ;491
374-veronique-louwagie;32452;1597954;1091240197;1809883;Madame LOUWAGIE Veronique;2020-04-07T00:00:00;NotifOK ;374
112-lionnel-luca;32636;1599088;1091240232;1809884;Monsieur LUCA Lionnel;2020-04-07T00:00:00;NotifOK ;112
52-victorin-lurel;32473;1598081;1091240251;1809886;Monsieur LUREL Victorin;2020-04-07T00:00:00;NotifOK ;52
459-gilles-lurton;32474;1598087;1091240262;1809889;Monsieur LURTON Gilles;2020-04-07T00:00:00;NotifOK ;459
591-jean-pierre-maggi;32475;1598093;1091240292;1809891;Monsieur MAGGI Jean-Pierre;2020-04-07T00:00:00;NotifOK ;591
33-noel-mamere;32476;1598099;1091240327;1809893;Monsieur MAMERE Noel;2020-04-07T00:00:00;NotifOK ;33
204-jean-francois-mancel;32477;1598105;1091240358;1809903;Monsieur MANCEL Jean-Francois;2020-04-07T00:00:00;NotifOK ;204
81-jacqueline-maquet;32478;1598111;1091240387;1809905;Madame MAQUET Jacqueline;2020-04-07T00:00:00;NotifOK ;81
440-laurent-marcangeli;32479;1598117;1091240405;1809906;Monsieur MARCANGELI Laurent;2020-04-07T00:00:00;NotifOK ;440
244-marie-lou-marcel;32322;1597131;1091240423;1809907;Madame MARCEL Marie-Lou;2020-04-07T00:00:00;NotifOK ;244
520-marion-marechal-le-pen;32323;1597137;1091100049;1809910;Madame MARECHAL-LE PEN Marion;2020-03-30T00:00:00;NotifOK ;520
30-thierry-mariani;32630;1599050;1091240434;1809912;Monsieur MARIANI Thierry;2020-04-07T00:00:00;NotifOK ;30
116-alfred-marie-jeanne;32433;1597834;1091094377;1809914;Madame ALFRED Marie-Jeanne;2020-03-30T00:00:00;NotifOK ;116
255-herve-mariton;32367;1597385;1091240462;1809919;Monsieur MARITON Herve;2020-04-07T00:00:00;NotifOK ;255
347-olivier-marleix;32422;1597726;1091093783;1809920;Monsieur MARLEIX Olivier;2020-03-30T00:00:00;NotifOK ;347
240-alain-marleix;32480;1598123;1091240480;1809924;Monsieur MARLEIX Alain;2020-04-07T00:00:00;NotifOK ;240
174-franck-marlin;32481;1598129;1091094390;1809926;Monsieur MARLIN Franck;2020-03-30T00:00:00;NotifOK ;174
13-jean-rene-marsac;32482;1598135;1091093800;1809927;Monsieur MARSAC Jean-Rene;2020-03-30T00:00:00;NotifOK ;13
492-alain-marsaud;32483;1598141;1091094399;1809928;Monsieur MARSAUD Alain;2020-03-30T00:00:00;NotifOK ;492
590-philippe-armand-martin;32447;1597920;1091094422;1809932;Monsieur ARMAND MARTIN Philippe;2020-03-30T00:00:00;NotifOK ;590
84-philippe-martin;32667;1599275;1091094417;1809931;Monsieur MARTIN Philippe;2020-03-30T00:00:00;NotifOK ;84
221-martine-martinel;32448;1597926;1091094426;1809933;Madame MARTINEL Martine;2020-03-30T00:00:00;NotifOK ;221
96-patrice-martin-lalande;32484;1598147;1091094445;1809934;Monsieur MARTIN-LALANDE Patrice;2020-03-30T00:00:00;NotifOK ;96
107-alain-marty;32485;1598156;1091094474;1809964;Monsieur MARTY Alain;2020-03-30T00:00:00;NotifOK ;107
259-frederique-massat;32486;1598162;1091093804;1809968;Madame MASSAT Frederique;2020-03-30T00:00:00;NotifOK ;259
351-veronique-massonneau;32487;1598169;1091094496;1809971;Madame MASSONNEAU Veronique;2020-03-30T00:00:00;NotifOK ;351
132-jean-claude-mathis;32488;1598175;1091094504;1809973;Monsieur MATHIS Jean-Claude;2020-03-30T00:00:00;NotifOK ;132
317-sandrine-mazetier;32489;1598181;1091917695;1809974;Madame MAZETIER Sandrine;2020-05-22T00:00:00;NotifOK ;317
572-francois-de-mazieres;32490;1598187;1091094512;1809975;Monsieur DE MAZIERES Francois;2020-03-30T00:00:00;NotifOK ;572
264-michel-menard;32491;1598193;1091342041;1809978;Monsieur MENARD Michel;2020-04-15T00:00:00;NotifOK ;264
493-patrick-mennucci;32283;1596841;1091342058;1809980;Monsieur MENNUCCI Patrick;2020-04-15T00:00:00;NotifOK ;493
603-gerard-menuel;32582;1598777;1091094519;1809981;Monsieur MENUEL Gerard;2020-03-30T00:00:00;NotifOK ;603
251-damien-meslot;32288;1596872;1091094535;1809984;Monsieur MESLOT Damien;2020-03-30T00:00:00;NotifOK ;251
208-kleber-mesquida;32289;1596878;1091342064;1809985;Monsieur MESQUIDA Kleber;2020-04-15T00:00:00;NotifOK ;208
194-philippe-meunier;32290;1596884;1091342070;1809988;Monsieur MEUNIER Philippe;2020-04-15T00:00:00;NotifOK ;194
48-jean-claude-mignon;32583;1598783;1091342074;1809989;Monsieur MIGNON Jean-Claude;2020-04-15T00:00:00;NotifOK ;48
415-paul-molac;32678;1599332;1091342079;1809990;Monsieur MOLAC Paul;2020-04-15T00:00:00;NotifOK ;415
235-pierre-morange;32588;1598813;1091342083;1809994;Monsieur MORANGE Pierre;2020-04-15T00:00:00;NotifOK ;235
535-yannick-moreau;32589;1598819;1091342084;1809996;Monsieur MOREAU Yannick;2020-04-15T00:00:00;NotifOK ;535
138-pierre-morel-a-lhuissier;32590;1598825;1091342088;1809998;Monsieur MOREL-A-L'HUISSIER Jean-Claude;2020-04-15T00:00:00;NotifOK ;80
80-alain-moyne-bressand;32591;1598831;1091240501;1810000;Monsieur MOYNE-BRESSAND Alain;2020-04-07T00:00:00;NotifOK ;80
152-pierre-alain-muet;32680;1599344;1091342089;1810001;Monsieur MUET Pierre-Alain;2020-04-15T00:00:00;NotifOK ;152
108-jacques-myard;32587;1598807;1091342092;1810011;Monsieur MYARD Jacques;2020-04-15T00:00:00;NotifOK ;108
353-dominique-nachury;32550;1598545;1091342093;1810015;Madame NACHURY Dominique;2020-04-15T00:00:00;NotifOK ;353
641-philippe-naillet;32551;1598551;1091342100;1810016;Monsieur NAILLET Philippe;2020-04-15T00:00:00;NotifOK ;641
154-philippe-nauche;32552;1598557;1091093832;1810017;Monsieur NAUCHE Philippe;2020-03-30T00:00:00;NotifOK ;154
307-yves-nicolin;32553;1598563;1091342104;1810022;Monsieur NICOLIN Yves;2020-04-15T00:00:00;NotifOK ;307
380-nathalie-nieson;32554;1598569;1091342111;1810023;Madame NIESON Nathalie;2020-04-15T00:00:00;NotifOK ;380
443-jean-philippe-nilor;32555;1598575;1091342113;1810024;Monsieur NILOR Jean-Philippe;2020-04-15T00:00:00;NotifOK ;443
517-philippe-nogues;32556;1598581;1091342117;1810025;Monsieur NOGUES Philippe;2020-04-15T00:00:00;NotifOK ;517
629-robert-olive;32494;1598211;1091342119;1810028;Monsieur OLIVE Robert;2020-04-15T00:00:00;NotifOK ;629
463-maud-olivier;32492;1598199;1091093839;1810033;Madame OLIVIER Maud;2020-03-30T00:00:00;NotifOK ;463
225-patrick-ollier;32493;1598205;1091342128;1810034;Monsieur OLLIER Patrick;2020-04-15T00:00:00;NotifOK ;225
252-dominique-orliac;32495;1598217;1091342134;1810073;Madame ORLIAC Dominique;2020-04-15T00:00:00;NotifOK ;252
504-monique-orphe;32417;1597691;1091342153;1810074;Madame ORPHE Monique;2020-04-15T00:00:00;NotifOK ;504
167-michel-pajon;32418;1597697;1091342168;1810075;Monsieur PAJON Michel;2020-04-15T00:00:00;NotifOK ;167
133-bertrand-pancher;32419;1597703;1091342174;1810076;Monsieur PANCHER Bertrand;2020-04-15T00:00:00;NotifOK ;133
475-luce-pane;32420;1597709;1091240521;1810077;Madame PANE Luce;2020-04-07T00:00:00;NotifOK ;475
7-christian-paul;32496;1598223;1091093874;1810078;Monsieur PAUL Christian;2020-03-30T00:00:00;NotifOK ;7
279-george-pau-langevin;32497;1598229;1091093883;1810079;Madame PAU-LANGEVIN George;2020-03-30T00:00:00;NotifOK ;279
545-remi-pauvros;32498;1598235;1091093888;1810080;Monsieur PAUVROS Remi;2020-03-30T00:00:00;NotifOK ;545
203-germinal-peiro;32499;1598241;1091342186;1810081;Monsieur PEIRO Germinal;2020-04-15T00:00:00;NotifOK ;203
302-jacques-pelissard;32500;1598247;1091342195;1810082;Monsieur PELISSARD Jacques;2020-04-15T00:00:00;NotifOK ;302
421-herve-pellois;32501;1598253;1091342207;1810084;Monsieur PELLOIS Herve;2020-04-15T00:00:00;NotifOK ;421
29-jean-claude-perez;32502;1598259;1091094543;1810085;Monsieur PEREZ Jean-Claude;2020-03-30T00:00:00;NotifOK ;29
646-stephanie-pernod-beaudon;32230;1596525;1091342213;1810086;Madame PERNOD BEAUDON Stephanie;2020-04-15T00:00:00;NotifOK ;646
97-bernard-perrut;32231;1596531;1091342220;1810091;Monsieur PERRUT Bernard;2020-04-15T00:00:00;NotifOK ;97
192-edouard-philippe;32232;1596537;1091342224;1810093;Monsieur PHILIPPE Edouard;2020-04-15T00:00:00;NotifOK ;192
383-sebastien-pietrasanta;32275;1596793;1091094561;1810094;Monsieur PIETRASANTA Sebastien;2020-03-30T00:00:00;NotifOK ;383
162-sylvia-pinel;32449;1597932;1091342229;1810095;Madame PINEL Sylvia;2020-04-15T00:00:00;NotifOK ;162
512-christine-pires-beaune;32276;1596799;1091342234;1810097;Madame PIRES BEAUNE Christine;2020-04-15T00:00:00;NotifOK ;512
187-michel-piron;32233;1596543;1091240562;1810098;Monsieur PIRON Michel;2020-04-07T00:00:00;NotifOK ;187
238-philippe-plisson;32234;1596549;1091342252;1810100;Monsieur PLISSON Philippe;2020-04-15T00:00:00;NotifOK ;238
513-elisabeth-pochon;32235;1596555;1091342263;1810105;Madame POCHON Elisabeth;2020-04-15T00:00:00;NotifOK ;513
281-jean-frederic-poisson;32629;1599044;1091342282;1810108;Monsieur POISSON Jean-frederic;2020-04-15T00:00:00;NotifOK ;281
134-berengere-poletti;32387;1597503;1091093893;1810110;Madame POLETTI Berengere;2020-03-30T00:00:00;NotifOK ;134
624-napole-polutele;32388;1597509;1091093918;1810112;Monsieur POLUTELE Napole;2020-03-30T00:00:00;NotifOK ;624
273-axel-poniatowski;32389;1597515;1091342288;1810114;Monsieur PONIATOWSKI Axel;2020-04-15T00:00:00;NotifOK ;273
43-josette-pons;32390;1597522;1091093926;1810115;Madame PONS Josette;2020-03-30T00:00:00;NotifOK ;43
392-pascal-popelin;32391;1597528;1091093940;1810130;Monsieur POPELIN Pascal;2020-03-30T00:00:00;NotifOK ;392
435-dominique-potier;32392;1597534;1091093961;1810131;Monsieur POTIER Dominique;2020-03-30T00:00:00;NotifOK ;435
554-michel-pouzol;32236;1596561;1091342296;1810132;Monsieur POUZOL Michel;2020-04-15T00:00:00;NotifOK ;554
270-regine-poveda;32385;1597491;1091342307;1810133;Madame POVEDA Regine;2020-04-15T00:00:00;NotifOK ;270
414-patrice-prat;32386;1597497;1091342323;1810134;Monsieur PRAT Patrice;2020-04-15T00:00:00;NotifOK ;414
630-christophe-premat;32237;1596567;1091093970;1810135;Monsieur PREMAT Christophe;2020-03-30T00:00:00;NotifOK ;630
297-christophe-priou;32651;1599166;;1810136;Monsieur PRIOU Christophe;2020-04-15T00:00:00;NotifOK ;297
581-joaquim-pueyo;32238;1596573;;1810137;Monsieur PUEYO Joaquim;2020-04-15T00:00:00;NotifOK ;581
89-francois-pupponi;32239;1596579;;1810138;Monsieur PUPPONI Francois;2020-04-15T00:00:00;NotifOK ;89
293-didier-quentin;32625;1599020;;1810139;Monsieur QUENTIN Didier;2020-04-15T00:00:00;NotifOK ;293
256-catherine-quere;32557;1598587;1091240570;1810140;Madame QUERE Catherine;2020-04-07T00:00:00;NotifOK ;256
479-valerie-rabault;32558;1598593;;1810215;Madame RABAULT Valerie;2020-04-15T00:00:00;NotifOK ;479
567-monique-rabin;32263;1596706;1091093998;1810217;Madame RABIN Monique;2020-03-30T00:00:00;NotifOK ;567
406-marie-recalde;32264;1596712;;1810218;Madame RECALDE Marie;2020-04-15T00:00:00;NotifOK ;406
253-frederic-reiss;32265;1596718;1091240590;1810230;Monsieur REISS Frederic;2020-04-07T00:00:00;NotifOK ;253
90-jean-luc-reitzer;32674;1599312;1091240593;1810231;Monsieur REITZER Jean-Luc;2020-04-07T00:00:00;NotifOK ;90
83-marie-line-reynaud;32559;1598600;1091240606;1810232;Madame REYNAUD Marie-Line;2020-04-07T00:00:00;NotifOK ;83
3-bernard-reynes;32291;1596890;;1810234;Monsieur REYNES Bernard;2020-04-15T00:00:00;NotifOK ;3
31-franck-reynier;32292;1596896;1091094005;1810235;Monsieur REYNIER Franck;2020-03-30T00:00:00;NotifOK ;31
619-pierre-ribeaud;32293;1596902;1091342328;1810238;Monsieur RIBEAUD Pierre;2020-04-15T00:00:00;NotifOK ;619
110-arnaud-richard;32294;1596963;1091342338;1810239;Monsieur RICHARD Arnaud;2020-04-15T00:00:00;NotifOK ;110
339-franck-riester;32652;1599172;1091342348;1810240;Monsieur RIESTER Franck;2020-04-15T00:00:00;NotifOK ;339
372-eduardo-rihan-cypel;32295;1596969;1091342349;1810242;Monsieur RIHAN CYPEL Eduardo;2020-04-15T00:00:00;NotifOK ;372
371-thierry-robert;32627;1599032;1091094018;1810253;Monsieur ROBERT Thierry;2020-03-30T00:00:00;NotifOK ;371
506-denys-robiliard;32296;1596975;1091342358;1810255;Monsieur ROBILIARD Denys;2020-04-15T00:00:00;NotifOK ;506
287-arnaud-robinet;32266;1596724;1091094578;1810257;Monsieur ROBINET Arnaud;2020-03-30T00:00:00;NotifOK ;287
574-camille-de-rocca-serra;32267;1596730;1091094601;1810261;Monsieur DE ROCCA SERRA Camille;2020-03-30T00:00:00;NotifOK ;574
94-francois-rochebloine;32268;1596736;1091094629;1810262;Monsieur ROCHEBLOINE Francois;2020-03-30T00:00:00;NotifOK ;94
127-alain-rodet;32269;1596742;1091094635;1810263;Monsieur RODET Alain;2020-03-30T00:00:00;NotifOK ;127
55-marcel-rogemont;32297;1596981;1091094026;1810265;Monsieur ROGEMONT Marcel;2020-03-30T00:00:00;NotifOK ;55
511-sophie-rohfritsch;32298;1596987;1091094677;1810266;Madame ROHFRITSCH Sophie;2020-03-30T00:00:00;NotifOK ;511
523-frederic-roig;32299;1596993;1091094086;1810269;Monsieur ROIG Frederic;2020-03-30T00:00:00;NotifOK ;523
217-gwendal-rouillard;32653;1599178;1091094693;1810270;Monsieur ROUILLARD Gwendal;2020-03-30T00:00:00;NotifOK ;217
480-jean-louis-roumegas;32669;1595159;1091917726;1810272;Monsieur ROUMEGAS Jean-Louis;2020-05-22T00:00:00;NotifOK ;480
285-rene-rouquet;32461;1598009;1091240619;1810273;Monsieur ROUQUET Rene;2020-04-07T00:00:00;NotifOK ;285
49-alain-rousset;32462;1598015;1091094103;1810274;Monsieur ROUSSET Alain;2020-03-30T00:00:00;NotifOK ;49
16-francois-de-rugy;32463;1598021;1091094119;1810280;Monsieur DE RUGY Francois;2020-03-30T00:00:00;NotifOK ;16
190-martial-saddier;32414;1597673;1091240646;1810283;Monsieur SADDIER Martial;2020-04-07T00:00:00;NotifOK ;190
635-maina-sage;32415;1597679;1091094128;1810284;Madame SAGE Maina;2020-03-30T00:00:00;NotifOK ;635
552-boinali-said;32440;1597875;1091917770;1810285;Monsieur SAID Boinali;2020-05-22T00:00:00;NotifOK ;552
434-stephane-saint-andre;32441;1597877;1091917788;1810289;Monsieur SAINT-ANDRE Stephane;2020-05-22T00:00:00;NotifOK ;434
25-paul-salen;32432;1597797;1091917814;1810308;Monsieur SALEN Paul;2020-05-22T00:00:00;NotifOK ;25
286-rudy-salles;32434;1597840;1091917857;1810309;Monsieur SALLES Rudy;2020-05-22T00:00:00;NotifOK ;286
436-nicolas-sansu;32435;1597846;1091917887;1810311;Monsieur SANSU Nicolas;2020-05-22T00:00:00;NotifOK ;436
457-beatrice-santais;32436;1597852;1091480904;1810312;Madame SANTAIS Beatrice;2020-04-23T00:00:00;NotifOK ;457
73-andre-santini;32157;1595922;1091917536;1808943;Monsieur SANTINI Andre;2020-05-22T00:00:00;NotifOK ;73
423-eva-sas;32437;1597858;1091480907;1810323;Madame SAS Eva;2020-04-23T00:00:00;NotifOK ;423
309-odile-saugues;32631;1599058;1091917910;1810324;Madame SAUGUES Odile;2020-05-22T00:00:00;NotifOK ;309
586-gilbert-sauvan;32438;1597864;1091917924;1810325;Monsieur SAUVAN Gilbert;2020-05-22T00:00:00;NotifOK ;586
390-gilles-savary;32439;1597870;1091941796;1810326;Monsieur SAVARY Gilles;2020-05-22T00:00:00;NotifOK ;390
34-francois-scellier;32442;1597883;1091918007;1810329;Monsieur SCELLIER Francois;2020-05-22T00:00:00;NotifOK ;34
495-claudine-schmid;32443;1597892;1091094145;1810333;Madame SCHMID Claudine;2020-03-30T00:00:00;NotifOK ;495
119-andre-schneider;32444;1597902;1091918046;1810337;Monsieur SCHNEIDER Andre;2020-05-22T00:00:00;NotifOK ;119
577-roger-gerard-schwartzenberg;32445;1597908;1091480915;1810338;Monsieur SCHWARTZENBERG Roger-Gerard;2020-04-23T00:00:00;NotifOK ;577
348-gerard-sebaoun;32446;1597914;1091480920;1810340;Monsieur SEBAOUN Gerard;2020-04-23T00:00:00;NotifOK ;348
139-jean-marie-sermier;32670;1599288;1091240712;1810342;Monsieur SERMIER Jean-Marie;2020-04-07T00:00:00;NotifOK ;139
538-gabriel-serville;32632;1599064;1091480942;1810345;Monsieur SERVILLE Gabriel;2020-04-23T00:00:00;NotifOK ;538
191-fernand-sire;32464;1598027;1091240766;1810346;Monsieur SIRE Fernand;2020-04-07T00:00:00;NotifOK ;191
437-thierry-solere;32465;1598033;1091480954;1810347;Monsieur SOLERE Thierry;2020-04-23T00:00:00;NotifOK ;437
366-julie-sommaruga;32466;1598039;1091918059;1810348;Madame SOMMARUGA Julie;2020-05-22T00:00:00;NotifOK ;366
228-michel-sordi;32467;1598045;1091480981;1810351;Monsieur SORDI Michel;2020-04-23T00:00:00;NotifOK ;228
193-eric-straumann;32456;1597978;1091481001;1810354;Monsieur STRAUMANN Eric;2020-04-23T00:00:00;NotifOK ;193
395-claude-sturni;32457;1597984;1091481011;1810355;Monsieur STURNI Claude;2020-04-23T00:00:00;NotifOK ;395
224-alain-suguenot;32458;1597990;1091481025;1810356;Monsieur SUGUENOT Alain;2020-04-23T00:00:00;NotifOK ;224
100-michele-tabarot;32459;1597996;1091481038;1810357;Madame TABAROT Michele;2020-04-23T00:00:00;NotifOK ;100
379-jonas-tahuaitu;32460;1598003;1091481042;1810358;Monsieur TAHUAITU Jonas;2020-04-23T00:00:00;NotifOK ;379
486-suzanne-tallard;32560;1598606;1091481059;1810359;Madame TALLARD Suzanne;2020-04-23T00:00:00;NotifOK ;486
181-lionel-tardy;32561;1598612;1091094153;1810362;Monsieur TARDY Lionel;2020-03-30T00:00:00;NotifOK ;181
111-jean-charles-taugourdeau;32270;1596748;1091481080;1810364;Monsieur TAUGOURDEAU Jean-Charles;2020-04-23T00:00:00;NotifOK ;111
296-guy-teissier;32271;1596754;1091481089;1810365;Monsieur TEISSIER Guy;2020-04-23T00:00:00;NotifOK ;296
45-pascal-terrasse;32240;1596585;1091094159;1810366;Monsieur TERRASSE Pascal;2020-03-30T00:00:00;NotifOK ;45
333-michel-terrot;32241;1596591;1091094171;1810367;Monsieur TERROT Michel;2020-03-30T00:00:00;NotifOK ;333
505-jean-marie-tetart;32242;1596597;1091481101;1810370;Monsieur TETART Jean-Marie;2020-04-23T00:00:00;NotifOK ;505
644-pascal-thevenot;32243;1596603;1091094180;1810382;Monsieur THEVENOT Pascal;2020-03-30T00:00:00;NotifOK ;644
578-thomas-thevenoud;32244;1596609;1091481126;1810424;Monsieur THEVENOUD Thomas;2020-04-23T00:00:00;NotifOK ;578
311-dominique-tian;32245;1596615;1091094222;1810427;Monsieur TIAN Dominique;2020-03-30T00:00:00;NotifOK ;311
595-sylvie-tolmont;32246;1596621;1091481144;1810428;Madame TOLMONT Sylvie;2020-04-23T00:00:00;NotifOK ;595
10-jean-louis-touraine;32247;1596627;1091481167;1810429;Monsieur TOURAINE Jean-Louis;2020-04-23T00:00:00;NotifOK ;10
502-alain-tourret;32248;1596633;1091481189;1810431;Monsieur TOURRET Alain;2020-04-23T00:00:00;NotifOK ;502
441-stephane-travert;32249;1595187;1091918081;1810433;Monsieur TRAVERT Stephane;2020-05-22T00:00:00;NotifOK ;441
549-yannick-trigance;32250;1596639;1091094241;1810436;Monsieur TRIGANCE Yannick;2020-03-30T00:00:00;NotifOK ;549
350-catherine-troallic;32251;1596645;1091918109;1810446;Madame TROALLIC Catherine;2020-05-22T00:00:00;NotifOK ;350
357-jean-paul-tuaiva;32682;1599356;1091918135;1810447;Monsieur TUAIVA Jean-Paul;2020-05-22T00:00:00;NotifOK ;357
356-cecile-untermaier;32252;1596651;1091240785;1810452;Madame UNTERMAIER Cecile;2020-04-07T00:00:00;NotifOK ;356
140-daniel-vaillant;32253;1596657;1091094265;1810455;Monsieur VAILLANT Daniel;2020-03-30T00:00:00;NotifOK ;140
118-jacques-valax;32254;;;1810466;Monsieur VALAX Jacques;; ;118
196-manuel-valls;32256;;;1810468;Monsieur VALLS Manuel;; ;196
301-francois-vannson;32257;;;1810477;Monsieur VANNSON Francois;; ;301
494-catherine-vautrin;32272;1596775;1091240803;1810493;Madame VAUTRIN Catherine;2020-04-07T00:00:00;NotifOK ;494
304-michel-vauzelle;32273;1596781;1091094278;1810496;Monsieur VAUZELLE Michel;2020-03-30T00:00:00;NotifOK ;304
38-francis-vercamer;32274;1596787;1091918286;1810502;Monsieur VERCAMER Francis;2020-05-22T00:00:00;NotifOK ;38
23-patrice-verchere;32562;1598618;1091918353;1810504;Monsieur VERCHERE Patrice;2020-05-22T00:00:00;NotifOK ;23
532-fabrice-verdier;32563;1598624;1091918395;1810541;Monsieur VERDIER Fabrice;2020-05-22T00:00:00;NotifOK ;532
330-michel-vergnier;32564;1598630;1091094299;1810543;Monsieur VERGNIER Michel;2020-03-30T00:00:00;NotifOK ;330
232-arnaud-viala;32565;1598637;1091918459;1810550;Monsieur VIALA Arnaud;2020-05-22T00:00:00;NotifOK ;232
369-jean-sebastien-vialatte;32566;1598643;1091094302;1810553;Monsieur VIALATTE Jean-Sebastien;2020-03-30T00:00:00;NotifOK ;369
462-jean-pierre-vigier;32567;1598650;1091918510;1810555;Monsieur VIGIER Jean-Pierre;2020-05-22T00:00:00;NotifOK ;462
65-philippe-vigier;32675;1599318;1091094316;1810557;Monsieur VIGIER Philippe;2020-03-30T00:00:00;NotifOK ;65
389-patrick-vignal;32568;1598656;1091240821;1810562;Monsieur VIGNAL Patrick;2020-04-07T00:00:00;NotifOK ;389
113-francois-xavier-villain;32569;1598662;1091918574;1810564;Monsieur VILLAIN Francois-Xavier;2020-05-22T00:00:00;NotifOK ;113
205-jean-michel-villaume;32570;1598668;1091943461;1810566;Monsieur VILLAUME Jean-Michel;2020-05-22T00:00:00;NotifOK ;205
334-philippe-vitel;32571;1598674;1091094321;1810571;Monsieur VITEL Philippe;2020-03-30T00:00:00;NotifOK ;334
448-jean-jacques-vlody;32572;1598680;1091918654;1810573;Monsieur VLODY Jean Jacques;2020-05-22T00:00:00;NotifOK ;448
44-michel-voisin;32679;1599338;1091918689;1810575;Monsieur VOISIN Michel;2020-05-22T00:00:00;NotifOK ;44
234-jean-luc-warsmann;32584;1598789;1091918749;1810576;Monsieur WARSMANN Jean-Luc;2020-05-22T00:00:00;NotifOK ;234
137-laurent-wauquiez;32585;1598795;1091918786;1810580;Monsieur WAUQUIEZ Laurent;2020-05-22T00:00:00;NotifOK ;137
258-patrick-weiten;32586;1598801;1091918831;1810581;Monsieur WEITEN Patrick;2020-05-22T00:00:00;NotifOK ;258
114-eric-woerth;32453;1597960;1091918907;1810582;Monsieur WOERTH Eric;2020-05-22T00:00:00;NotifOK ;114
458-paola-zanetti;32611;1598942;1091240861;1810584;Madame ZANETTI Paola;2020-04-07T00:00:00;NotifOK ;458
200-marie-jo-zimmermann;32612;1598948;1091918945;1810586;Madame ZIMMERMANN Marie-Jo;2020-05-22T00:00:00;NotifOK ;200
82-michel-zumkeller;32545;1598516;1091919058;1810587;Monsieur ZUMKELLER Michel;2020-05-22T00:00:00;NotifOK ;82
